Partitions,ExecutionTime
2,16.456327199935913
4,9.315662145614624
8,7.554349660873413
16,8.187602519989014
